{"cameraMode":{"drawMode":0,"name":"Shaded","section":"Shading Mode"},"sceneLighting":false,"audioPlay":false,"sceneViewState":{"showFog":true,"showMaterialUpdate":true,"showSkybox":false,"showFlares":true,"showImageEffects":true,"showParticleSystems":true},"in2DMode":false,"pivot":{"x":-0.04700005054473877,"y":-0.04700005054473877,"z":0.0},"rotation":{"x":0.1389719396829605,"y":0.2135893851518631,"z":-0.030713219195604326,"w":0.9665040969848633},"size":6.947781562805176,"orthographic":false}