{"cameraMode":{"drawMode":0,"name":"Shaded","section":"Shading Mode"},"sceneLighting":false,"audioPlay":false,"sceneViewState":{"showFog":true,"showMaterialUpdate":true,"showSkybox":false,"showFlares":true,"showImageEffects":true,"showParticleSystems":true},"in2DMode":false,"pivot":{"x":-0.14850634336471559,"y":-1.233168601989746,"z":3.653837203979492},"rotation":{"x":0.2102188616991043,"y":0.0102612916380167,"z":-0.0022084079682826998,"w":0.9776018261909485},"size":21.12111473083496,"orthographic":false}