{"cameraMode":{"drawMode":0,"name":"Shaded","section":"Shading Mode"},"sceneLighting":false,"audioPlay":false,"sceneViewState":{"showFog":true,"showMaterialUpdate":true,"showSkybox":false,"showFlares":true,"showImageEffects":true,"showParticleSystems":true},"in2DMode":false,"pivot":{"x":-0.5278997421264648,"y":0.04737222194671631,"z":-0.6377048492431641},"rotation":{"x":0.13041968643665315,"y":0.016354426741600038,"z":-0.0021531940437853338,"w":0.9913250803947449},"size":17.619260787963868,"orthographic":false}