{"cameraMode":{"drawMode":0,"name":"Shaded","section":"Shading Mode"},"sceneLighting":false,"audioPlay":false,"sceneViewState":{"showFog":true,"showMaterialUpdate":true,"showSkybox":false,"showFlares":true,"showImageEffects":true,"showParticleSystems":true},"in2DMode":false,"pivot":{"x":74.42167663574219,"y":701.367431640625,"z":0.0},"rotation":{"x":0.02428271248936653,"y":0.044967636466026309,"z":-0.001094216713681817,"w":0.9986950755119324},"size":291.67926025390627,"orthographic":true}