{"cameraMode":{"drawMode":0,"name":"Shaded","section":"Shading Mode"},"sceneLighting":false,"audioPlay":false,"sceneViewState":{"showFog":true,"showMaterialUpdate":true,"showSkybox":false,"showFlares":true,"showImageEffects":true,"showParticleSystems":true},"in2DMode":false,"pivot":{"x":954.885009765625,"y":205.9840087890625,"z":0.0},"rotation":{"x":0.1154346838593483,"y":-0.04468737915158272,"z":0.005196515470743179,"w":0.9923008680343628},"size":268.60064697265627,"orthographic":false}