{"cameraMode":{"drawMode":0,"name":"Shaded","section":"Shading Mode"},"sceneLighting":false,"audioPlay":false,"sceneViewState":{"showFog":true,"showMaterialUpdate":true,"showSkybox":false,"showFlares":true,"showImageEffects":true,"showParticleSystems":true},"in2DMode":false,"pivot":{"x":-0.04700005054473877,"y":-0.04700005054473877,"z":0.0},"rotation":{"x":0.12163534760475159,"y":0.6419246196746826,"z":-0.10412810742855072,"w":0.7498680353164673},"size":5.762629985809326,"orthographic":false}