{"cameraMode":{"drawMode":0,"name":"Shaded","section":"Shading Mode"},"sceneLighting":false,"audioPlay":false,"sceneViewState":{"showFog":true,"showMaterialUpdate":true,"showSkybox":false,"showFlares":true,"showImageEffects":true,"showParticleSystems":true},"in2DMode":false,"pivot":{"x":274.0920715332031,"y":335.124267578125,"z":2.5},"rotation":{"x":0.02428271248936653,"y":0.044967636466026309,"z":-0.001094216713681817,"w":0.9986950755119324},"size":917.750244140625,"orthographic":true}