{"cameraMode":{"drawMode":0,"name":"Shaded","section":"Shading Mode"},"sceneLighting":false,"audioPlay":false,"sceneViewState":{"showFog":true,"showMaterialUpdate":true,"showSkybox":false,"showFlares":true,"showImageEffects":true,"showParticleSystems":true},"in2DMode":false,"pivot":{"x":-0.061882972717285159,"y":-0.0669095516204834,"z":-0.030252695083618165},"rotation":{"x":0.13041968643665315,"y":0.016354426741600038,"z":-0.0021531940437853338,"w":0.9913250803947449},"size":13.556477546691895,"orthographic":false}