{"cameraMode":{"drawMode":0,"name":"Shaded","section":"Shading Mode"},"sceneLighting":false,"audioPlay":false,"sceneViewState":{"showFog":true,"showMaterialUpdate":true,"showSkybox":false,"showFlares":true,"showImageEffects":true,"showParticleSystems":true},"in2DMode":false,"pivot":{"x":1650.285400390625,"y":182.13621520996095,"z":0.0},"rotation":{"x":-0.0011900311801582575,"y":-0.02100205421447754,"z":-0.000026509573217481375,"w":0.9997836947441101},"size":258.326171875,"orthographic":true}