{"cameraMode":{"drawMode":0,"name":"Shaded","section":"Shading Mode"},"sceneLighting":false,"audioPlay":false,"sceneViewState":{"showFog":true,"showMaterialUpdate":true,"showSkybox":false,"showFlares":true,"showImageEffects":true,"showParticleSystems":true},"in2DMode":false,"pivot":{"x":0.4659186601638794,"y":0.33365964889526369,"z":-0.29439687728881838},"rotation":{"x":0.16139066219329835,"y":0.1415783315896988,"z":-0.023403223603963853,"w":0.9764055013656616},"size":12.521195411682129,"orthographic":false}