{"cameraMode":{"drawMode":0,"name":"Shaded","section":"Shading Mode"},"sceneLighting":false,"audioPlay":false,"sceneViewState":{"showFog":true,"showMaterialUpdate":true,"showSkybox":false,"showFlares":true,"showImageEffects":true,"showParticleSystems":true},"in2DMode":false,"pivot":{"x":0.0,"y":-0.000005245208740234375,"z":0.03936147689819336},"rotation":{"x":0.06011708080768585,"y":0.07180348038673401,"z":-0.004337553400546312,"w":0.9956002235412598},"size":23.441865921020509,"orthographic":false}