{"cameraMode":{"drawMode":0,"name":"Shaded","section":"Shading Mode"},"sceneLighting":false,"audioPlay":false,"sceneViewState":{"showFog":true,"showMaterialUpdate":true,"showSkybox":false,"showFlares":true,"showImageEffects":true,"showParticleSystems":true},"in2DMode":false,"pivot":{"x":1.527823805809021,"y":0.5272121429443359,"z":-0.5405173301696777},"rotation":{"x":0.16139066219329835,"y":0.1415783315896988,"z":-0.023403223603963853,"w":0.9764055013656616},"size":5.850553512573242,"orthographic":false}