{"cameraMode":{"drawMode":0,"name":"Shaded","section":"Shading Mode"},"sceneLighting":true,"audioPlay":false,"sceneViewState":{"showFog":true,"showMaterialUpdate":true,"showSkybox":true,"showFlares":true,"showImageEffects":true,"showParticleSystems":true},"in2DMode":false,"pivot":{"x":954.8848876953125,"y":205.9075164794922,"z":0.0},"rotation":{"x":0.08591082692146301,"y":0.41816192865371706,"z":-0.039766713976860049,"w":0.9034315347671509},"size":258.3262634277344,"orthographic":false}