{"cameraMode":{"drawMode":0,"name":"Shaded","section":"Shading Mode"},"sceneLighting":false,"audioPlay":false,"sceneViewState":{"showFog":true,"showMaterialUpdate":true,"showSkybox":false,"showFlares":true,"showImageEffects":true,"showParticleSystems":true},"in2DMode":false,"pivot":{"x":0.0,"y":-0.000005245208740234375,"z":0.03936147689819336},"rotation":{"x":0.0899728536605835,"y":-0.06866849958896637,"z":0.006216499023139477,"w":0.993558943271637},"size":87.79723358154297,"orthographic":false}