{"cameraMode":{"drawMode":0,"name":"Shaded","section":"Shading Mode"},"sceneLighting":false,"audioPlay":false,"sceneViewState":{"showFog":true,"showMaterialUpdate":true,"showSkybox":false,"showFlares":true,"showImageEffects":true,"showParticleSystems":true},"in2DMode":false,"pivot":{"x":0.24300000071525575,"y":-0.359000027179718,"z":4.2796134636091668e-8},"rotation":{"x":-0.026687024161219598,"y":0.0014959202380850912,"z":0.000038121921534184366,"w":0.9996466636657715},"size":22.0,"orthographic":false}