{"cameraMode":{"drawMode":0,"name":"Shaded","section":"Shading Mode"},"sceneLighting":true,"audioPlay":false,"sceneViewState":{"showFog":true,"showMaterialUpdate":true,"showSkybox":true,"showFlares":true,"showImageEffects":true,"showParticleSystems":true},"in2DMode":false,"pivot":{"x":1.040985107421875,"y":81.20098876953125,"z":0.0},"rotation":{"x":0.02428271248936653,"y":0.044967636466026309,"z":-0.001094216713681817,"w":0.9986950755119324},"size":1791.0345458984375,"orthographic":true}