{"cameraMode":{"drawMode":0,"name":"Shaded","section":"Shading Mode"},"sceneLighting":true,"audioPlay":false,"sceneViewState":{"showFog":true,"showMaterialUpdate":true,"showSkybox":true,"showFlares":true,"showImageEffects":true,"showParticleSystems":true},"in2DMode":false,"pivot":{"x":787.8300170898438,"y":662.1699829101563,"z":0.0},"rotation":{"x":0.09706053137779236,"y":0.2030486911535263,"z":-0.020233143121004106,"w":0.9741412401199341},"size":1841.5650634765625,"orthographic":false}