{"cameraMode":{"drawMode":0,"name":"Shaded","section":"Shading Mode"},"sceneLighting":false,"audioPlay":false,"sceneViewState":{"showFog":true,"showMaterialUpdate":true,"showSkybox":false,"showFlares":true,"showImageEffects":true,"showParticleSystems":true},"in2DMode":false,"pivot":{"x":1644.800537109375,"y":174.41152954101563,"z":0.0},"rotation":{"x":0.02428271248936653,"y":0.044967636466026309,"z":-0.001094216713681817,"w":0.9986950755119324},"size":268.6005554199219,"orthographic":true}