{"cameraMode":{"drawMode":0,"name":"Shaded","section":"Shading Mode"},"sceneLighting":true,"audioPlay":false,"sceneViewState":{"showFog":true,"showMaterialUpdate":true,"showSkybox":true,"showFlares":true,"showImageEffects":true,"showParticleSystems":true},"in2DMode":false,"pivot":{"x":663.1651611328125,"y":760.9625854492188,"z":0.0},"rotation":{"x":0.0317901074886322,"y":0.029976950958371164,"z":-0.0009554044809192419,"w":0.9990493059158325},"size":111.5909423828125,"orthographic":false}