{"cameraMode":{"drawMode":0,"name":"Shaded","section":"Shading Mode"},"sceneLighting":true,"audioPlay":false,"sceneViewState":{"showFog":true,"showMaterialUpdate":true,"showSkybox":true,"showFlares":true,"showImageEffects":true,"showParticleSystems":true},"in2DMode":false,"pivot":{"x":351.812255859375,"y":693.8281860351563,"z":48.671630859375},"rotation":{"x":0.0317901074886322,"y":0.029976950958371164,"z":-0.0009554044809192419,"w":0.9990493059158325},"size":508.2008361816406,"orthographic":false}