{"cameraMode":{"drawMode":0,"name":"Shaded","section":"Shading Mode"},"sceneLighting":false,"audioPlay":false,"sceneViewState":{"showFog":true,"showMaterialUpdate":true,"showSkybox":false,"showFlares":true,"showImageEffects":true,"showParticleSystems":true},"in2DMode":false,"pivot":{"x":0.20207703113555909,"y":1.544316053390503,"z":-0.7506656646728516},"rotation":{"x":-0.026687024161219598,"y":0.0014959202380850912,"z":0.000038121921534184366,"w":0.9996466636657715},"size":21.068334579467775,"orthographic":false}