{"cameraMode":{"drawMode":0,"name":"Shaded","section":"Shading Mode"},"sceneLighting":false,"audioPlay":false,"sceneViewState":{"showFog":true,"showMaterialUpdate":true,"showSkybox":false,"showFlares":true,"showImageEffects":true,"showParticleSystems":true},"in2DMode":false,"pivot":{"x":463.79998779296877,"y":438.79998779296877,"z":0.0},"rotation":{"x":0.15416352450847627,"y":0.01926191709935665,"z":-0.003007719526067376,"w":0.9878579378128052},"size":993.427001953125,"orthographic":false}