{"cameraMode":{"drawMode":0,"name":"Shaded","section":"Shading Mode"},"sceneLighting":false,"audioPlay":false,"sceneViewState":{"showFog":true,"showMaterialUpdate":true,"showSkybox":false,"showFlares":true,"showImageEffects":true,"showParticleSystems":true},"in2DMode":false,"pivot":{"x":786.8439331054688,"y":145.82073974609376,"z":24.5008544921875},"rotation":{"x":0.1154346838593483,"y":-0.04468737915158272,"z":0.005196515470743179,"w":0.9923008680343628},"size":1270.119873046875,"orthographic":false}