{"cameraMode":{"drawMode":0,"name":"Shaded","section":"Shading Mode"},"sceneLighting":false,"audioPlay":false,"sceneViewState":{"showFog":true,"showMaterialUpdate":true,"showSkybox":false,"showFlares":true,"showImageEffects":true,"showParticleSystems":true},"in2DMode":false,"pivot":{"x":5.721295356750488,"y":3.9624648094177248,"z":1.4300251007080079},"rotation":{"x":0.06011708080768585,"y":0.07180348038673401,"z":-0.004337553400546312,"w":0.9956002235412598},"size":26.81130027770996,"orthographic":false}