{"cameraMode":{"drawMode":0,"name":"Shaded","section":"Shading Mode"},"sceneLighting":false,"audioPlay":false,"sceneViewState":{"showFog":true,"showMaterialUpdate":true,"showSkybox":false,"showFlares":true,"showImageEffects":true,"showParticleSystems":true},"in2DMode":false,"pivot":{"x":29.40345001220703,"y":42.1608772277832,"z":78.58729553222656},"rotation":{"x":0.003306981176137924,"y":0.04048534110188484,"z":-0.00013550241419579834,"w":0.9991793036460877},"size":268.6005554199219,"orthographic":false}