{"cameraMode":{"drawMode":0,"name":"Shaded","section":"Shading Mode"},"sceneLighting":true,"audioPlay":false,"sceneViewState":{"showFog":true,"showMaterialUpdate":true,"showSkybox":true,"showFlares":true,"showImageEffects":true,"showParticleSystems":true},"in2DMode":false,"pivot":{"x":1502.38818359375,"y":701.4864501953125,"z":-7.022371292114258},"rotation":{"x":0.2984224855899811,"y":0.13681988418102265,"z":-0.043273188173770908,"w":0.9435893297195435},"size":22.0,"orthographic":false}